<?xml version="1.0" encoding="UTF-8"?>
<project-private xmlns="http://www.netbeans.org/ns/project-private/1">
    <editor-bookmarks xmlns="http://www.netbeans.org/ns/editor-bookmarks/2" lastBookmarkId="0"/>
    <open-files xmlns="http://www.netbeans.org/ns/projectui-open-files/2">
        <group>
            <file>file:/Users/sgib0001/NetBeansProjects/ChessMate/src/chessmate/Rook.java</file>
            <file>file:/Users/sgib0001/NetBeansProjects/ChessMate/src/chessmate/Bishop.java</file>
            <file>file:/Users/sgib0001/NetBeansProjects/ChessMate/src/chessmate/Queen.java</file>
            <file>file:/Users/sgib0001/NetBeansProjects/ChessMate/src/chessmate/King.java</file>
            <file>file:/Users/sgib0001/NetBeansProjects/ChessMate/src/chessmate/Node.java</file>
            <file>file:/Users/sgib0001/NetBeansProjects/ChessMate/src/chessmate/MainFrame.java</file>
            <file>file:/Users/sgib0001/NetBeansProjects/ChessMate/src/chessmate/Tile.java</file>
            <file>file:/Users/sgib0001/NetBeansProjects/ChessMate/src/chessmate/AI.java</file>
            <file>file:/Users/sgib0001/NetBeansProjects/ChessMate/src/chessmate/Knight.java</file>
            <file>file:/Users/sgib0001/NetBeansProjects/ChessMate/src/chessmate/Board.java</file>
            <file>file:/Users/sgib0001/NetBeansProjects/ChessMate/src/chessmate/Piece.java</file>
        </group>
    </open-files>
</project-private>
